0	0.946681540178277
1	0.22517528726177538
2	2.048718953323932
3	-0.7789603325379449
4	3.5368387303466573
5	0.08679512973632021
6	0.13213356987839467
7	1.969606197149771
8	-0.6074746922510234
9	-6.88936482212481
10	1.4198360609930138
11	-0.561218255881695
12	1.4198360609930138
13	0.6239642317638115
14	0.9607462830098505
15	2.251195401771401
16	-0.06410671755744388
17	-3.984871723916566
18	0.3472776590657738
19	0.8948378015605077
20	-0.37144500326073837
21	-0.5898878806687099
22	0.2864360584086089
23	0.22517528726177538
24	2.345502609529592
25	-0.603255289736844
26	0.5586669121224943
27	1.189785355064899
28	-3.2061371138037575
29	8.094068275228546
30	-5.7972243424940135
31	1.7491111205746968
32	1.1184543787688823
33	0.25728332341771276
34	-0.35551547303075165
35	-9.74126819784715
36	0.3542272810427237
37	-7.793642363993058
38	1.969606197149771
39	-9.582272026478583
40	0.946681540178277
41	12.518177493708919
42	-0.7790726484498436
43	-0.34659551443139763
44	0.5018203555540252
45	0.9607462830098505
46	0.43702495736455804
47	-0.08502810366608216
48	-0.13070942283570908
49	0.32727103920822825
50	-0.6019872665741378
51	-12.25659493434921
52	-8.211251524938696
53	1.1184543787688823
54	-4.73689863561823
55	-3.5077552875836173
56	1.4198360609930138
57	1.1337048220599097
58	0.20585387296376048
59	3.086647170087162
60	-1.657581254414517
61	-4.351118299264174
62	1.105677112712603
63	5.014239825931235
64	-5.58977562555823
65	-7.829284831748372
66	0.08679512973632021
67	-0.04715712414787206
68	1.2617245565691266
69	-0.847423771978182
70	1.1374353895682185
71	-0.49363001149429886
72	1.7114992844099584
73	0.17530727002955693
74	-3.5077552875836173
75	-0.6019872665741378
76	0.31756260924516266
77	6.774353958911432
78	3.0787623273951774
79	-0.6547228433183342
80	-8.767661427335652
81	0.26011567067307045
82	0.7933321435142111
83	0.946681540178277
84	6.327677156680505
85	0.9607462830098505
86	0.34908263036115666
87	-0.2547128308729134
88	0.083921892877612
89	0.1848807644491709
90	-1.0617743537708804
91	0.6390032236995111
92	-0.06410671755744388
93	-1.332971061094497
94	3.5368387303466573
95	-1.775990146891644
96	8.704300863395206
97	0.485906676039941
98	0.32727103920822825
99	0.7926992734529497
100	-0.5028395158580818
101	1.969606197149771
102	-0.009563511520718895
103	0.31756260924516266
104	-3.984871723916566
105	0.5466470659996864
106	-0.561218255881695
107	-2.4806374651421907
108	0.4877014830499873
109	-1.775990146891644
110	0.47271125157694943
111	-0.561218255881695
112	-1.775990146891644
113	1.0431970304032074
114	0.7591114515640728
115	-2.39590320136999
116	5.330749178252154
117	2.5540780073329903
118	10.641621295470411
119	-0.535262345716387
120	0.9308590346541145
121	-0.4117413447842566
122	0.5586669121224943
123	-0.8505684915983193
124	0.9607462830098505
125	-7.402741341057556
126	-0.35551547303075165
127	2.251195401771401
128	-0.8655263832987449
129	-2.2500100616191037
130	0.25728332341771276
131	-0.9927545286419397
132	-0.34659551443139763
133	0.3127204685232364
134	0.584926647712006
135	-0.30914127550085163
136	0.22517528726177538
137	-8.992467262192081
138	-0.30914127550085163
139	1.4198360609930138
140	-0.30914127550085163
141	-0.4470566948485762
142	-3.984871723916566
143	-0.603255289736844
144	0.08679512973632021
145	-0.49363001149429886
146	4.323705629187281
147	0.43702495736455804
148	-5.7972243424940135
149	-11.22298943961006
150	-0.35551547303075165
151	-0.9927545286419397
152	0.17530727002955693
153	1.6125671824054117
154	2.7448726956303475
155	-4.378498546542529
156	3.90881789354039
157	-0.04768861938758424
158	1.576238857350514
159	0.03837040252752277
160	0.11360314864374943
161	0.376278892829518
162	0.2820609559786189
163	0.24346548199507262
164	1.1076030120366276
165	0.4496349233258742
166	3.2472831210208466
167	-0.22372478196696505
168	0.7020005043807825
169	-0.3056616655077299
170	-4.385158115561502
171	-0.22372478196696505
172	-0.8738595002346123
173	-4.378498546542529
174	0.2969729266079174
175	-5.790596804791563
176	-1.2263370006404446
177	-8.962048014831066
178	-0.3721352776445787
179	-0.8464311333988306
180	-0.3717410220013116
181	-3.11851805161434
182	-0.1431609520474729
183	-1.3096582796344154
184	0.3412527389679681
185	0.38018501392542997
186	-5.101134927214379
187	-9.884740232496803
188	0.03837040252752277
189	4.32654214929877
190	-2.6890243662409907
191	-2.3486964512518234
192	-0.04768861938758424
193	-0.6425797048647445
194	-2.6890243662409907
195	-0.24983752100144818
196	-2.0724858026595525
197	0.21797358452897866
198	1.576238857350514
199	2.9216457441653456
200	-0.22372478196696505
201	0.009057937211542912
202	12.309136049482218
203	0.29123036961372417
204	0.4736240033584539
205	3.2472831210208466
206	1.5321817644597253
207	-0.4050416261544337
208	-1.402990921791696
209	0.24346548199507262
210	-1.2263370006404446
211	0.05757263402582271
212	-0.5076109685842934
213	-3.2921691304818608
214	0.5900926065712774
215	4.749138756122834
216	-0.003951508232181016
217	0.7686713546981552
218	0.6756465932557981
219	-0.2536531549130152
220	1.1050428445846492
221	-0.6900453421154144
222	-0.3078467365563905
223	0.5445554451317317
224	0.8879069455134738
225	2.544545404483411
226	-5.068459695138361
227	-0.46888513271950216
228	2.9216457441653456
229	0.5200849943858401
230	-9.025164747557419
231	0.22585360790605793
232	0.22585360790605793
233	-3.11851805161434
234	1.0447142307232407
235	2.20231267036102
236	2.20231267036102
237	3.1050811394974316
238	-8.759732931234385
239	1.576238857350514
240	-0.2536531549130152
241	0.03837040252752277
242	-0.46888513271950216
243	0.7920529849803445
244	2.9216457441653456
245	-4.96856220350849
246	-2.4531512715667922
247	4.749138756122834
248	-1.1567009120861127
249	-4.385158115561502
250	1.3087584344457672
251	-1.3488055220998445
252	0.24346548199507262
253	-0.46888513271950216
254	-8.20614518871718
255	-0.04768861938758424
256	5.516542251056648
257	3.449567683884406
258	-3.792536599432583
259	-0.24983752100144818
260	-5.251302347589867
261	-0.4135616051025023
262	-1.468003187944614
263	-0.8828230549749119
264	-5.101134927214379
265	-4.378498546542529
266	-0.3717410220013116
267	-0.8468671714943776
268	-0.3717410220013116
269	-0.49799687470161524
270	-0.2144030123375801
271	0.12655399208193685
272	0.36677361091294985
273	-4.850825608883187
274	5.409017462464095
275	2.9216457441653456
276	0.12655399208193685
277	0.5581009013486931
278	-0.3682212576823348
279	-2.4531512715667922
280	7.430409746174707
281	-0.04768861938758424
282	1.6281524186490695
283	0.36981340223052145
284	5.720273890894745
285	3.92861343004452
286	-0.8185476988185254
287	3.299015055347868
288	0.6341704760008833
289	-1.1341104614347364
290	6.870880785043925
291	-0.22372478196696505
292	0.37837943885800424
293	2.20231267036102
294	0.5261473127080042
295	-0.2536531549130152
296	1.1050428445846492
297	0.36677361091294985
298	0.24099705032031057
299	3.641920935195228
300	-0.11010184945393836
301	1.5922389290028074
302	2.7441873179725498
303	1.1755610010733974
304	3.641920935195228
305	1.0248121439923183
306	0.41048176647184087
307	0.045304003371752756
308	-6.480230781660701
309	-5.939924038508072
310	1.3068270184678668
311	-0.13980852132140056
312	0.829822299012513
313	1.5437830298092383
314	-3.195255578115323
315	3.558591776829527
316	0.0855769752320036
317	1.1207049023075368
318	-3.986084832014761
319	-0.7725242838591212
320	1.5922389290028074
321	-5.298759759094419
322	0.023307253420607462
323	1.2026382632494779
324	1.8936998941150571
325	0.912047377089169
326	2.364040347946016
327	2.364040347946016
328	0.06610076353475186
329	0.04849410703076154
330	1.6851300380271519
331	-3.134973443946695
332	-6.913537756178483
333	-0.8822561225469625
334	-1.0413302827301039
335	0.14917080877294928
336	-3.466155326646264
337	0.4499452886740391
338	-3.000156108866629
339	-3.906326925600956
340	1.1060404350118362
341	-0.6245788140653196
342	0.06731259795024876
343	-4.832470655325007
344	-0.23207355740124044
345	0.02585704270293029
346	0.06610076353475186
347	6.533602631245752
348	1.1060404350118362
349	-9.145344388988295
350	0.045304003371752756
351	-0.1298393937182522
352	-4.59717726197078
353	-3.134973443946695
354	1.1477391500049259
355	-8.207241378110856
356	0.912047377089169
357	-4.235015893731855
358	1.8936998941150571
359	1.5922389290028074
360	0.06610076353475186
361	3.558591776829527
362	0.02585704270293029
363	-8.08483784166346
364	-1.7393312809705572
365	0.6048646330771734
366	-0.11010184945393836
367	-8.635109768785599
368	-0.5039679394633235
369	0.14917080877294928
370	0.10378810504937432
371	0.04849410703076154
372	0.5344657820993364
373	1.0248121439923183
374	-1.2789353486279704
375	-0.8116395026038074
376	5.3028897770184775
377	0.14917080877294928
378	-0.31085727669181246
379	0.4499452886740391
380	-3.674789960106865
381	1.6851300380271519
382	0.11906850284587057
383	0.3600816948288345
384	-3.195255578115323
385	-3.6269950797695505
386	-0.41315078768405955
387	1.1060404350118362
388	0.24099705032031057
389	-3.6269950797695505
390	-7.5250654046840495
391	-1.3745181137181712
392	-0.8116395026038074
393	0.24099705032031057
394	-0.8822561225469625
395	0.06731259795024876
396	5.723788398543209
397	1.2868939153724754
398	-0.8740087481454707
399	-3.195255578115323
400	1.6851300380271519
401	-1.2789353486279704
402	-0.8636978934605143
403	7.207826224903731
404	-3.6269950797695505
405	-0.385135155989357
406	-8.422676279216658
407	-0.8597936396916407
408	0.14917080877294928
409	-3.986084832014761
410	-2.5161900286416747
411	-6.480230781660701
412	-0.1581778889913928
413	0.14917080877294928
414	-1.2789353486279704
415	1.8936998941150571
416	5.723788398543209
417	0.22354837222302715
418	0.4469856591519592
419	0.5505968861445906
420	0.4469856591519592
421	-0.24083276126330122
422	0.40455093495667194
423	0.11719348525239046
424	0.06546961106912166
425	4.984755782900109
426	0.531345274214182
427	1.1363433778412864
428	-0.3534948188556779
429	-5.081981681205007
430	1.1916535657610539
431	1.3846531454087874
432	0.11719348525239046
433	0.3305715056833547
434	0.13670262355228274
435	-4.4112005826553276
436	2.9289588995204285
437	0.274709851148596
438	0.22354837222302715
439	0.4174829378792912
440	-5.984617527905941
441	-6.598806378775847
442	-0.37979090152882394
443	0.22354837222302715
444	-7.338551909393041
445	0.2098139858375303
446	-0.3534948188556779
447	-7.360968703937913
448	-0.5161280815059587
449	0.17559395897627555
450	0.22354837222302715
451	0.2098139858375303
452	0.22354837222302715
453	0.11719348525239046
454	0.5271360232085126
455	-0.7048970600452579
456	0.44097716821439314
457	-7.294271530938452
458	0.15675555485135517
459	0.06546961106912166
460	-0.5675358723942479
461	-0.26362200293110305
462	3.983123403866678
463	-1.9474131252907863
464	-0.09376979005329919
465	-0.2579811292001734
466	1.1421782467695485
467	-0.3534948188556779
468	-0.631972526526018
469	0.9503286630644119
470	-0.31321796819666703
471	-1.2880536756752483
472	2.9289588995204285
473	0.11719348525239046
474	-1.9474131252907863
475	-1.4750004134839356
476	-5.352256030572298
477	-2.0124051882752116
478	-0.7670073414244399
479	0.6954232018907791
480	-2.946912870654834
481	5.107531719924939
482	-0.24083276126330122
483	6.966201871739765
484	-4.840535882549463
485	1.8994275596210004
486	4.315133916795411
487	-0.24083276126330122
488	-3.872283811703903
489	0.4469856591519592
490	-0.2579811292001734
491	3.983123403866678
492	1.1363433778412864
493	-0.2579811292001734
494	0.44097716821439314
495	0.39316180414899066
496	1.1363433778412864
497	0.7337200773479561
498	-0.6651146291916756
499	0.32578754291683715
500	0.07088971589206769
501	1.7965395370038846
502	1.7626586651934717
503	-6.338661476922277
504	1.009128701191392
505	-0.13382412269492727
506	7.495295656290538
507	-0.9720939362079744
508	0.06546961106912166
509	1.7965395370038846
510	-0.3534948188556779
511	-4.550726356886827
512	3.928975080144551
513	-0.8469376715426018
514	0.1132734614002507
515	2.73861140230111
516	-0.31268064392620737
517	-0.6712367793538541
518	0.047627709602129746
519	2.73861140230111
520	-0.24708365131660331
521	5.320795179364245
522	0.20117235784611198
523	2.5064459365775216
524	-0.7009514453252235
525	-0.1967539808035557
526	-0.18730045784453606
527	0.5421730147594679
528	0.5077161630484482
529	1.4838813349504976
530	-0.6309896486568213
531	7.369073734932501
532	-6.406338045584595
533	-0.937275601369501
534	0.1349969863000751
535	-0.1527123413289117
536	4.220762652834445
537	0.047627709602129746
538	-0.7822208687085419
539	-0.1527123413289117
540	0.3022010142405791
541	-0.4187776072022978
542	-4.531064631950987
543	-0.6712367793538541
544	0.35195830320624977
545	0.1132734614002507
546	1.109342452986362
547	-1.7532185235285782
548	-5.213432018512773
549	5.01864503095903
550	0.18714642395223674
551	1.0965464829121407
552	4.5100880119856095
553	1.6247431891174005
554	-0.3213830682232507
555	0.4928103316585325
556	0.35195830320624977
557	-1.019369714600844
558	0.699638997841217
559	0.047627709602129746
560	0.8628715027194144
561	0.291740648338679
562	1.7274434106768828
563	0.3022010142405791
564	-9.833950053983372
565	-2.411972388202515
566	1.2895991498240384
567	-4.891796733707678
568	-2.264453801600954
569	-0.6150164707846729
570	2.5064459365775216
571	-9.603417010098733
572	1.7274434106768828
573	-1.6099348279406842
574	-4.465204702867768
575	-3.5171826807204307
576	-3.4611046279251996
577	-0.7436079491308888
578	0.9243917022349337
579	-2.411972388202515
580	-5.426105409766572
581	-5.110529403190433
582	-0.31268064392620737
583	-0.7982896838923891
584	-11.434594500163385
585	1.7274434106768828
586	0.06249987037684037
587	-0.8755537208178886
588	2.73861140230111
589	-5.2762088341997
590	-0.7379057674454875
591	-4.894232093634476
592	-0.18730045784453606
593	0.8015159745555446
594	-0.2737933161240726
595	-0.1527123413289117
596	-0.054771744401198065
597	0.18714642395223674
598	0.8628715027194144
599	-0.1503526064223257
600	0.8192630825068898
601	2.73861140230111
602	-2.264453801600954
603	5.5472824271314245
604	-2.0875196393093005
605	-0.1527123413289117
606	0.6105301302667908
607	-5.357234361368116
608	0.3022010142405791
609	-0.027587322811198668
610	3.821237319359601
611	-5.815538760819599
612	-3.400976655984565
613	-0.028116405615823903
614	1.7647688697897774
615	2.515619989195292
616	2.233757927197007
617	-0.8144306332566098
618	-0.6276647470262775
619	-0.40545390986316565
620	-1.0361748702392397
621	1.097827285421972
622	-2.614284675518619
623	0.20858625355146826
624	0.012372675980333153
625	0.3402244849332014
626	-0.654032734387325
627	4.4609180563530595
628	-0.3170913827627272
629	-1.4073341152445973
630	2.4057444273532274
631	-8.549943128494238
632	-1.0361748702392397
633	-4.383014543025702
634	0.13579041473025155
635	0.5652676852124944
636	-1.4073341152445973
637	5.814121238435703
638	-0.8815946252897837
639	-0.1611515546679422
640	-1.4073341152445973
641	0.4034072494588697
642	-1.7322644150454238
643	0.8693327451027155
644	0.005622300401504852
645	-9.24145159290943
646	-9.961877590805004
647	0.9173672918118352
648	-1.0490061629562266
649	-0.3170913827627272
650	-0.6995775777844642
651	0.08555440957821919
652	1.1487523483034476
653	0.33147528393987846
654	-6.574538182614886
655	0.33147528393987846
656	1.909065203154742
657	1.7647688697897774
658	-6.2717261557756325
659	-0.9812126272214394
660	0.8503184621910707
661	4.99951926655415
662	3.686583674088345
663	-0.16714352705897337
664	-2.614284675518619
665	0.37123133289468163
666	-4.408286901051062
667	-2.292651558371225
668	0.8503184621910707
669	-2.6645128830884195
670	0.13453852941801975
671	-9.31139095601019
672	8.618003111867138
673	-0.6832862082914734
674	-8.966229545270478
675	-0.47892320631140667
676	-0.3170913827627272
677	-0.1611515546679422
678	1.0502953316943018
679	0.32055079086274
680	-7.675947875029633
681	0.5882628921029868
682	-0.028116405615823903
683	0.44079290764973605
684	-0.5928223008567963
685	1.8650223275618718
686	0.7629625889902427
687	-0.7558207238861627
688	0.11150711904960674
689	2.594001628271314
690	5.329476815398264
691	0.9936657741290482
692	0.6251150920935052
693	1.1841384548378857
694	0.3660548751281028
695	0.24191901748605568
696	-0.23441381397320848
697	-0.005680065142343417
698	0.42931226401587697
699	0.3552354152144411
700	0.11150711904960674
701	5.21781949298674
702	-3.874907623722148
703	0.7629625889902427
704	0.7629625889902427
705	-2.365881298771642
706	0.29889920912723367
707	5.06831230741011
708	1.3133415857763289
709	-0.2729876872246048
710	-0.23441381397320848
711	-3.687603394851332
712	-0.21881200255907474
713	-2.2615620632777254
714	-0.9102206360391125
715	-0.3563595922122187
716	-0.005680065142343417
717	0.006314501920104202
718	0.2928934116059608
719	0.6857256969795421
720	2.594001628271314
721	-0.6092361849900652
722	-0.034205093686092626
723	0.44494119350050965
724	0.7629625889902427
725	-0.07938084276683692
726	-0.6015365030381191
727	6.078808634751838
728	0.006314501920104202
729	-3.6871247618891676
730	0.11150711904960674
731	-2.865551143781492
732	-2.4251150324192983
733	-0.26258256090833915
734	-0.6092361849900652
735	-9.978333944413302
736	-0.26258256090833915
737	0.11150711904960674
738	-0.3840539085807969
739	-0.4185273455745665
740	-3.874907623722148
741	-4.890839194159372
742	1.7908598516827419
743	0.7629625889902427
744	-0.6092361849900652
745	0.7629625889902427
746	0.9936657741290482
747	-1.4303956272007703
748	0.4670202396356656
749	0.5192951982077533
750	0.29889920912723367
751	1.7856910179035985
752	-4.0662201590310305
753	-2.4251150324192983
754	-0.005680065142343417
755	0.4542722736833
756	0.11150711904960674
757	-0.4024583339397178
758	-0.4687659165364384
759	-0.7999192562521404
760	2.0753583648664193
761	-0.9102206360391125
762	-0.07938084276683692
763	-3.9713392880072047
764	-0.14569826783350817
765	0.3660548751281028
766	-0.32401041742109826
767	1.8650223275618718
768	-0.12289855395554247
769	0.29889920912723367
770	-0.034205093686092626
771	4.947669143316771
772	-0.17381845064966056
773	-0.034205093686092626
774	1.7908598516827419
775	-6.910092812077817
776	2.0753583648664193
777	0.7629625889902427
778	0.006314501920104202
779	-0.32401041742109826
780	-3.6035134256791785
781	-0.32401041742109826
782	0.7629625889902427
783	0.33092269820591785
784	0.44494119350050965
785	1.8650223275618718
786	-3.729894215463728
787	-0.7122892852260563
788	1.7908598516827419
789	5.329476815398264
790	-0.7558207238861627
791	-0.09038533000973743
792	-6.199450922913041
793	-1.2864044972929358
794	-2.760482315758812
795	0.07381501905282299
796	0.2334572458923687
797	0.08058785881324373
798	-0.9139803735321966
799	-0.3458832210583206
800	-0.8947997589721688
801	2.8661882523138793
802	-0.17114129536371422
803	-2.584772222792731
804	-1.0083410149360472
805	2.0179284353410805
806	3.8294385119829513
807	-0.09038533000973743
808	0.6704251600326956
809	-0.9891147990151069
810	0.4081407551838612
811	-1.0517013504810395
812	0.07381501905282299
813	0.8293095196000767
814	-6.781306162614911
815	-1.3619149034198699
816	-2.760482315758812
817	-1.6251947008899978
818	0.1703303542614341
819	0.09583651814572625
820	2.8661882523138793
821	-1.592303060773413
822	0.9040520598016636
823	1.119601085899663
824	1.1698085456955165
825	1.9017462861797556
826	-0.3458832210583206
827	0.09583651814572625
828	1.119601085899663
829	-0.09038533000973743
830	0.12428506183356965
831	-0.5130616396798243
832	-0.003178650186030248
833	-2.760482315758812
834	-3.996162253321663
835	-0.5130616396798243
836	0.07046769716098579
837	-6.264310387531085
838	0.12428506183356965
839	0.6704251600326956
840	0.43388970802057164
841	3.6032704427035402
842	-6.635584638581004
843	-5.846733470155098
844	-7.377274651795296
845	0.12457689065808467
846	-0.46377351784227616
847	-4.579761089565056
848	0.6051565601719517
849	-5.787366841092345
850	-0.744669154847148
851	8.297699569785062
852	-0.13257814890842573
853	2.0179284353410805
854	2.0179284353410805
855	0.10520637797576372
856	-4.4975712144125195
857	3.219395559509133
858	3.4211326553052244E-4
859	3.219395559509133
860	0.1703303542614341
861	-1.6902021845064081
862	-0.13257814890842573
863	-5.771551124837632
864	0.07046769716098579
865	0.5591613470298302
866	0.9040520598016636
867	-0.46902092628736686
868	-1.0083410149360472
869	-2.442872523565741
870	2.8661882523138793
871	0.12428506183356965
872	-0.8947997589721688
873	-1.2864044972929358
874	7.572625574661916
875	-0.9891147990151069
876	1.119601085899663
877	-0.13257814890842573
878	-1.607635302185466
879	0.9040520598016636
880	2.7943928420034316
881	0.1923242799564641
882	0.26614679805731034
883	-0.06345856112670083
884	2.5808893589305266
885	-1.6123772206894254
886	0.9460665454099373
887	-0.06345856112670083
888	0.03909489244607503
889	-0.06345856112670083
890	1.0604096039041906
891	-2.7857192496549588
892	0.2241725886586022
893	-0.9287300457897308
894	-0.3740946316745505
895	3.338351721742734
896	-0.24285530382835877
897	-0.7763360325025587
898	-3.5956666174603256
899	0.0950242195205454
900	4.965562475124945
901	-0.9103186475456551
902	0.26614679805731034
903	-1.0173398363740507
904	0.3287260441155956
905	-0.13117191860193153
906	1.0231658785173912
907	0.2241725886586022
908	-0.24285530382835877
909	-1.2136823207008756
910	-0.3740946316745505
911	1.833861851849467
912	-0.5732992465268837
913	-1.2439045793207146
914	-1.3748706755761055
915	-1.6613382241117598
916	5.187082218883891
917	-1.2136823207008756
918	-0.5732992465268837
919	-5.484563119261014
920	-3.645708393280126
921	-0.3740946316745505
922	0.2241725886586022
923	3.7267824050222185
924	-0.4777478082655516
925	0.22323348239174048
926	-6.923506663962211
927	3.338351721742734
928	-5.387486805860929
929	4.6599649718108
930	-3.820364100502852
931	-0.24285530382835877
932	2.3115697183183603
933	-1.431240606272747
934	1.008637374055081
935	0.6286544775350442
936	-0.40887210164172255
937	0.9679871208403185
938	5.366965110414418
939	2.1553776732088363
940	-0.04112711635153013
941	4.305891717224609
942	2.403082178280021
943	0.6318303557514183
944	-0.2334689388116542
945	-0.5739666560082478
946	3.559780782967779
947	1.3758161918021325
948	-1.9127412087989264
949	-1.6790162982784656E-4
950	0.389040610814132
951	0.361070315242028
952	0.9679871208403185
953	0.3689084555390333
954	-0.3267545227748641
955	0.21146716530448825
956	0.4415399608312651
957	-3.5205867010455716
958	-0.08419628639307555
959	3.559780782967779
960	5.312384710618315
961	-1.2400010243668818
962	-0.45718009013881145
963	0.18407799465433827
964	0.011102612990655117
965	-5.9785099052332615
966	0.30760389856434356
967	1.1097191289240214
968	-0.5263022977607922
969	-3.831696380384271
970	-1.6790162982784656E-4
971	-1.4876467224172836
972	-0.059116316127980455
973	0.7128024526631873
974	0.389040610814132
975	-1.6790162982784656E-4
976	0.30760389856434356
977	-4.95911087232557
978	1.3533103982964207
979	-6.087679603852989
980	-3.831696380384271
981	-0.2334689388116542
982	0.42389861354217867
983	2.4309440937661493
984	2.4309440937661493
985	-6.949496832142228
986	0.7459337125520576
987	-0.04112711635153013
988	-0.627499136292185
989	2.4309440937661493
990	0.8334778575193247
991	0.8033791751443423
992	4.305891717224609
993	0.5960395058270644
994	-1.4876467224172836
995	-4.311634456098178
996	-0.8318534630772608
997	0.30760389856434356
998	3.8380369619811394
999	1.247811641017249
1000	3.1810514224367643
1001	-1.9127412087989264
1002	3.559780782967779
1003	-0.059116316127980455
1004	0.5182891163235902
1005	-7.371985046914182
1006	-4.929311034438511
1007	-0.03430118130287493
1008	0.21146716530448825
1009	-0.3481486909436276
1010	0.5197987079803823
1011	6.442107914703244
1012	-3.1093442817501633
1013	-0.03485931423822242
1014	-2.6168351824964518
1015	4.59203826510445
1016	0.060159627571358495
1017	3.0241308386995
1018	1.82525240119967
1019	0.9526065268292867
1020	2.634729286126596
1021	-4.367082139021801
1022	0.05807328994515705
1023	2.4949289358561377
1024	1.82525240119967
1025	2.7773350856025147
1026	3.459043710049804
1027	-1.8468336411337085
1028	0.1770708647816992
1029	-5.681283346691314
1030	0.9526065268292867
1031	0.16098270395856035
1032	-3.0166948863340917
1033	1.82525240119967
1034	3.532844177653825
1035	0.060159627571358495
1036	3.386210445629572
1037	-2.6282865318295667
1038	-1.448698211021048
1039	3.7051962584688587
1040	0.060159627571358495
1041	2.1207194184078286
1042	0.6667993295154023
1043	-0.7251930995650475
1044	-0.03485931423822242
1045	-2.6365824348973756
1046	-3.629256660135628
1047	0.9252617074157656
1048	-3.1631200226234655
1049	-6.644377447081467
1050	0.4848030179794325
1051	-0.4886964988836215
1052	-2.820690759081321
1053	1.7050172067112144
1054	0.9260560558650873
1055	0.6296978594014978
1056	-0.9439613604499572
1057	0.017741701772186855
1058	1.7050172067112144
1059	0.5645155880406391
1060	-2.0025156366869554
1061	1.32989943980809
1062	-0.33414879561612704
1063	1.0148193519705255
1064	-2.325329499183172
1065	-2.325329499183172
1066	2.2342832597126567
1067	-0.363463997559799
1068	-4.077933767383007
1069	-0.33414879561612704
1070	0.9260560558650873
1071	1.3524528202128923
1072	-1.9894862628840337
1073	-1.30614575054606
1074	0.1961033102212723
1075	-2.8950980269480833
1076	-0.1767721716822608
1077	1.6850768602577344
1078	-0.4886964988836215
1079	0.4611096187162628
1080	-4.985489496048842
1081	2.0413857132884012
1082	0.9260560558650873
1083	0.017741701772186855
1084	-5.678584364076123
1085	0.19859477351935603
1086	0.13076494191969626
1087	-0.9753282007977251
1088	-0.36976538299003225
1089	1.7050172067112144
1090	-1.8109942023394856
1091	8.825671817015259
1092	-6.080233674790308
1093	0.7862410992159411
1094	-4.360170196036501
1095	0.8231894037014024
1096	2.1747177762755245
1097	-1.8109942023394856
1098	0.017741701772186855
1099	1.6314755699500763
1100	-6.188483293450367
1101	-0.4395321606081823
1102	0.22113527722816637
1103	-0.8913703781239114
1104	0.41788394946607177
1105	0.9588912892400795
1106	0.10051810676862508
1107	0.3988494556020094
1108	0.9551712974481968
1109	0.10051810676862508
1110	-0.5849677804643458
1111	-3.50064840067261
1112	2.8378305309575835
1113	-1.7947766743697529
1114	-1.589443756444544
1115	0.9551712974481968
1116	-6.235781261859068
1117	-2.799730922395936
1118	-0.2621473709912388
1119	-3.5340409541372386
1120	6.2796440080942775
1121	-2.799730922395936
1122	-0.47257657576114903
1123	5.796614495494308
1124	-2.4527632933805643
1125	0.11232991091149583
1126	0.10051810676862508
1127	0.25766738192694927
1128	0.7068788214052318
1129	0.25766738192694927
1130	5.75435203939038
1131	-2.888049443582302
1132	-1.0838946827399092
1133	0.16431597263673728
1134	0.16431597263673728
1135	-0.5492320319274376
1136	-2.22878909378921
1137	-2.22878909378921
1138	0.5801877100928512
1139	0.6176273642544727
1140	0.24916112565728163
1141	5.767514565365958
1142	0.5239531564417171
1143	0.5435924412565971
1144	-1.3223748054119684
1145	-1.5710516913608579
1146	-0.34602588225675646
1147	-2.2494972964682423
1148	-0.04138371713664941
1149	-0.3821698240845089
1150	-0.8211113679999404
1151	-3.1016999422666993
1152	-5.205598229985342
1153	0.12216659574417785
1154	-0.5232852969395502
1155	-2.2494972964682423
1156	-0.3821698240845089
1157	-0.3821698240845089
1158	-0.09235229306928316
1159	-0.34602588225675646
1160	-0.5232852969395502
1161	-2.917031002724219
1162	0.09046379025008539
1163	-0.34602588225675646
1164	-9.575937720937054
1165	-0.6635412173766316
1166	0.4004390577607958
1167	0.6566889001523007
1168	-0.3051949140060958
1169	1.45913229690206
1170	-0.5232852969395502
1171	0.570728591458273
1172	0.2253345702969707
1173	-3.2026194770606002
1174	-0.46757190966154116
1175	-3.1016999422666993
1176	-0.7886205542170198
1177	-0.7322932588129109
1178	-0.24381572102643168
1179	-0.3821698240845089
1180	0.565091757306885
1181	0.37482563711534145
1182	-0.5232852969395502
1183	0.7108837263594943
1184	0.2253345702969707
1185	0.2253345702969707
1186	-0.7322932588129109
1187	1.047224263338775
1188	-2.2494972964682423
1189	0.10689925335196915
1190	-0.3886712805229504
1191	0.37482563711534145
1192	-3.1016999422666993
1193	0.37482563711534145
1194	1.45913229690206
1195	1.8409707981127075
1196	-0.24763926271608042
1197	-1.2093831818978706
1198	0.4849526104613286
1199	1.45913229690206
1200	-2.917031002724219
1201	-0.13114114264725354
1202	0.1667274618652045
1203	1.145919879457701
1204	0.6804161500979585
1205	1.0119890341224722
1206	-0.40202527098170227
1207	2.995708192244155
1208	-3.6942599156883134
1209	2.8214144754664217
1210	4.025791214967117
1211	-0.2687251319972729
1212	3.6369489307488894
1213	-0.5121120649645865
1214	-0.2687251319972729
1215	-3.6942599156883134
1216	-5.733753277333725
1217	-0.9836575759714821
1218	0.6804161500979585
1219	1.1275202794120585
1220	-0.15823152558187245
1221	2.618186876559998
1222	0.9459641072140709
1223	1.0026734072374108
1224	-1.0151792882365553
1225	-3.8171518668175337
1226	-0.09937333782159279
1227	-0.45174990896030437
1228	-7.912643283977814
1229	3.6369489307488894
1230	0.22873104059901037
1231	0.7174248850719874
1232	-9.43404516653907
1233	1.8574312202969092
1234	0.21151119918968156
1235	0.4685228680783855
1236	0.35140812759681517
1237	0.4951338125108968
1238	0.4685228680783855
1239	0.7174248850719874
1240	-4.738105876295322
1241	-1.0352371627028094
1242	-0.29573842833291236
1243	-0.24522634801514653
1244	4.03584384749179
1245	1.0082216259375054
1246	-0.24522634801514653
1247	-0.423090536387716
1248	-0.6286551425038925
1249	-0.24522634801514653
1250	0.24057116174573423
1251	1.4129247635660394
1252	1.7702464973698122
1253	1.7702464973698122
1254	0.7772911052292331
1255	0.14601464664942546
1256	0.05784868444376733
1257	1.281159548538229
1258	-0.21672477813979155
1259	-2.903189725329943
1260	1.6849634040080597
1261	0.7772911052292331
1262	-0.9689876038862866
1263	1.8388192905018017
1264	0.760508131917543
1265	0.05784868444376733
1266	0.7772911052292331
1267	-2.99138846021263
1268	-0.29293389784111745
1269	0.05784868444376733
1270	-6.400970427596418
1271	-0.29293389784111745
1272	0.49004532887615304
1273	-0.7679388350432363
1274	-7.439977109369504
1275	1.7702464973698122
1276	-0.1300531196802815
1277	-7.409728510941145
1278	-0.1161808917918422
1279	-0.13553569168342114
1280	0.21471976690296757
1281	-0.13553569168342114
1282	0.6399417055372713
1283	1.7702464973698122
1284	-6.790877927840611
1285	-0.13553569168342114
1286	-0.29293389784111745
1287	-1.484239678058867
1288	1.4887494929770038
1289	-0.881361422104991
1290	-2.3234230058036416
1291	-0.773533595221062
1292	0.35864592205113277
1293	-2.3234230058036416
1294	-2.9615732925136506
1295	-0.5556165188633283
1296	-2.6154002097859363
1297	-2.049939308946765
1298	0.72132387915987
1299	-0.13708497502753686
1300	-1.484239678058867
1301	0.32822201767820985
1302	0.46872208635561613
1303	0.833226045125606
1304	-4.766504004414954
1305	1.613798193155161
1306	0.8374091100532093
1307	1.9921465309479705
1308	0.17882406377039248
1309	1.1449930855926727
1310	-2.9615732925136506
1311	1.9380470972219406
1312	2.7347463916858494
1313	-2.1377093075617197
1314	-0.20980704366916053
1315	0.0742910481823568
1316	0.0742910481823568
1317	-2.4154346752044766
1318	-2.9615732925136506
1319	-2.1377093075617197
1320	0.41403513440850714
1321	-3.141761907100539
1322	-1.702942713005785
1323	0.014581200814627483
1324	0.6180648734986441
1325	-0.6111608300743496
1326	0.9490181222631293
1327	2.260812269828363
1328	0.8260946101724322
1329	2.196784659868282
1330	0.36299970077108745
1331	0.36299970077108745
1332	-1.7711142019070372
1333	-0.1842992057488169
1334	-2.3744609145352698
1335	-0.1842992057488169
1336	0.8274827212569386
1337	-2.831846274940847
1338	0.36299970077108745
1339	-0.1842992057488169
1340	0.3637512076506198
1341	-2.9615778352987694
1342	0.662692409863033
1343	-0.2314725477102586
1344	0.2465842112567812
1345	0.49026017401668853
1346	0.9031160356105422
1347	-1.0770273256944796
1348	0.45528268113681997
1349	-10.444880118427816
1350	-0.7196713719854303
1351	-0.5704280788550459
1352	-0.3006559968666465
1353	2.04176214594802
1354	0.37446241979822165
1355	0.5030849782837846
1356	3.0719698196766845
1357	0.49934385283155375
1358	-1.0770273256944796
1359	-1.5541594867529913
1360	-3.4365415672158104
1361	-3.4365415672158104
1362	0.9031160356105422
1363	-4.528615813094354
1364	0.11744158603485852
1365	0.4510719737346334
1366	-0.19921934650760917
1367	-1.5681258246992653
1368	0.9562998804111523
1369	0.0242613909774045
1370	-0.4649397980363631
1371	0.4571065385899254
1372	-0.6479336526703895
1373	0.5088993259838924
1374	8.233995528326242
1375	2.1941292610776704
1376	2.2674248993529926
1377	0.6824000925971007
1378	-0.7205796072304227
1379	0.38954814558308687
1380	-0.5777732719166381
1381	-1.4569374104981994
1382	0.4690380570166733
1383	-4.035465432530432
1384	0.24289612278507772
1385	-0.06130850886471498
1386	3.5433113241713583
1387	1.2119910286796158
1388	-4.035465432530432
1389	0.24289612278507772
1390	1.2119910286796158
1391	-0.12764282852202283
1392	0.24996746796442307
1393	-0.16531335129239647
1394	-0.8601328897595392
1395	-0.16531335129239647
1396	-0.12764282852202283
1397	4.3074934488261745
1398	0.24289612278507772
1399	-0.12764282852202283
1400	0.49621588816304696
1401	1.2119910286796158
1402	4.955409515657474
1403	0.7885296202189996
1404	-0.995843724144362
1405	1.2119910286796158
1406	7.42067791239689
1407	-1.1836514190843768
1408	1.1033258044507783
1409	0.15961460829304708
1410	1.9181717363386777
1411	-2.3857901883795676
1412	-0.5718068542514892
1413	-5.6614818476880995
1414	-0.026778917845204673
1415	-2.3857901883795676
1416	-0.06785005655692126
1417	2.5258893721295963
1418	7.7397934290448225
1419	-0.026778917845204673
1420	1.4508897222250192
1421	-0.06785005655692126
1422	0.15961460829304708
1423	0.7447063854711695
1424	-6.992980914270147
1425	-0.06785005655692126
1426	-0.1343136600289602
1427	-0.026778917845204673
1428	0.2942223587609852
1429	1.605163352216776
1430	1.4508897222250192
1431	-4.098631689916042
1432	-1.0011317650186633
1433	-1.8408149390789532
1434	1.9181717363386777
1435	-0.1343136600289602
1436	1.5002944043833306
1437	-0.4152640434078304
1438	1.6532177533755354
1439	-0.1646213617139616
1440	-2.98164642635469
1441	0.3711429367962261
1442	2.2317389372498844
1443	1.0051242151415982
1444	1.6532177533755354
1445	0.6988901255349422
1446	-2.073652200480352
1447	-1.3272506452985102
1448	-0.1403076928825423
1449	-2.073652200480352
1450	1.0350169706603665
1451	-2.98164642635469
1452	0.05575355952480337
1453	1.0508606610055096
1454	-4.31290359182225
1455	-0.1403076928825423
1456	-0.1403076928825423
1457	1.5490564533775946
1458	2.1442765372277455
1459	1.0051242151415982
1460	-2.755823471189037
1461	-0.10683443792700788
1462	1.9843696321532556
1463	-0.7368550383168464
1464	0.8175555667799353
1465	-1.514372402890074
1466	-1.514372402890074
1467	0.17466796773877458
1468	-2.755823471189037
1469	0.4607044862746345
1470	1.625513204394039
1471	-0.2692793794978893
1472	0.6316328813913238
1473	0.5871146677378952
1474	0.17466796773877458
1475	0.9950510311152578
1476	-0.12636189933741462
1477	-0.24075548944373082
1478	-3.370606237468589
1479	-0.24075548944373082
1480	0.0908467398020386
1481	0.17466796773877458
1482	4.961173929257219
1483	-3.7755920271565366
1484	1.9843696321532556
1485	-1.514372402890074
1486	0.9092364565931196
1487	-8.217008872268378
1488	-0.24179142028873543
1489	-0.6905619771528125
1490	-0.08002502155246588
1491	-0.2235373539166942
1492	-1.1423017871577679
1493	-0.22593877134518128
1494	-1.1423017871577679
1495	2.800231924092184
1496	-0.3546751297359498
1497	-4.723107702281101
1498	1.417519081523172
1499	1.417519081523172
1500	-3.245851948644643
1501	1.417519081523172
1502	3.457270390548546
1503	2.800231924092184
1504	-5.358588440365133
1505	1.417519081523172
1506	-0.38606734935697185
1507	-1.1562804435550038
1508	-2.5557802680427626
1509	0.6401768093776125
1510	3.8082554178930796
1511	1.4061603015119692
1512	-1.9075140103377193
1513	-0.015107070448383341
1514	6.826737964322838
1515	-0.022966321892038472
1516	-0.5292302171409464
1517	-0.9881044479749123
1518	-1.027154640883297
1519	3.0002908304889733
1520	2.4338219211197676
1521	0.2857408511436139
1522	-0.015107070448383341
1523	-3.2901911408982794
1524	-0.01804197207751742
1525	0.34972705911104257
1526	-0.6092479064243128
1527	4.069575260252867
1528	-0.01804197207751742
1529	1.6388623539939302
1530	-0.01804197207751742
1531	-0.14049511151398086
1532	0.5408884125067669
1533	-0.01804197207751742
1534	-5.353085977879401
1535	-6.956113312894653
1536	-0.01804197207751742
1537	-4.097351475060309
1538	0.9895027295625124
1539	-0.13465419284736593
1540	-3.2901911408982794
1541	-0.46657721010427433
1542	-2.320114883971336
1543	-0.31618391784120603
1544	-2.1948660231994137
1545	5.306811340336893
1546	-0.494935452816326
1547	-0.018437789145340184
1548	0.4342855117373769
1549	-2.596681259319363
1550	-2.320114883971336
1551	-0.609355655335961
1552	-0.594173769284344
1553	0.16553476409845944
1554	2.156867456561914
1555	-3.8279917421505365
1556	2.8815352577891495
1557	1.30179564458412
1558	-0.43039907789586784
1559	3.3338545129500625
1560	0.5960042328762621
1561	-2.1948660231994137
1562	-6.798982512706486
1563	0.155062800424605
1564	-4.720147711136192
1565	4.924949555258875
1566	0.018761097046116598
1567	0.018761097046116598
1568	0.018761097046116598
1569	1.3505466394093493
1570	-0.007852567982973629
1571	-9.623527150688247
1572	0.018761097046116598
1573	-0.36960557944787864
1574	0.49723262057990736
1575	0.19983387569620198
1576	-0.6309739710564661
1577	0.19983387569620198
1578	-0.36960557944787864
1579	-2.6737529785096488
1580	1.0158235591558356
1581	0.018761097046116598
1582	0.5017745115875605
1583	0.4407249005706697
1584	-0.011780320875450143
1585	0.5017745115875605
1586	-0.011780320875450143
1587	1.1028495983546194
1588	3.261097046666591
1589	-0.055744133986956844
1590	1.9807608919758635
1591	-0.011780320875450143
1592	0.02225044797438841
1593	-0.6488560575331747
1594	-0.5424460968939128
1595	0.34155288882995527
1596	-0.7879465759097488
1597	0.6682080990508164
1598	0.2001887073048065
1599	3.410104532677664
1600	0.7488319822965928
1601	0.12397895903304068
1602	-5.275341551613153
1603	-0.3107783188045643
1604	0.4007044547696798
1605	-0.5157076210607616
1606	-6.525740429135208
1607	-3.41665966348296
1608	-0.039969857375570454
1609	-0.8715463667461751
1610	-0.49348671266267957
1611	-1.8866803450451775
1612	0.18413415427959814
1613	-1.8866803450451775
1614	-0.36152812854971395
1615	-2.3592954976924823
1616	0.06937261812344697
1617	0.2498760811108421
1618	0.30107943265972237
1619	0.04431760368552065
1620	0.06937261812344697
1621	-0.7360324845956457
1622	0.04431760368552065
1623	0.04431760368552065
1624	-0.16050867163509316
1625	0.30107943265972237
1626	0.43462787559762395
1627	-0.8245035346070065
1628	-0.4416125346739998
1629	-7.687328874995524
1630	0.10397657377641907
1631	0.07599461234476024
1632	0.13612096241211208
1633	0.9562943244621596
1634	-0.7433830844366541
1635	-1.025234874376955
1636	1.5610839522843836
1637	1.0041142284622353
1638	-0.38663062360511724
1639	0.47225149788221155
1640	-1.9958529602240345
1641	-1.201819136959122
1642	1.5610839522843836
1643	-0.3901451194032666
1644	0.47225149788221155
1645	-0.5486173648049644
1646	1.5610839522843836
1647	0.22509256889751397
1648	1.0041142284622353
1649	-0.6805449658807741
1650	-0.3603295136171784
1651	1.712772198961816
1652	0.1112036775864655
1653	-0.8639464618990168
1654	-0.33253143477518715
1655	-5.081801359956825
1656	-4.787320819196862
1657	0.4581534311074186
1658	0.4653399396069445
1659	-0.34356495545121996
1660	-0.6812594410023759
1661	0.3654567657849756
1662	-0.33253143477518715
1663	-1.1967632565517783
1664	-0.34356495545121996
1665	-0.33253143477518715
1666	4.207765057857818
1667	0.3427015594778514
1668	-1.7924388086690968
1669	-5.3922129028115595
1670	0.6316609915452016
1671	3.146632239137108
1672	-0.6006871770800158
1673	1.6320307617220478
1674	-0.1943885010770546
1675	-0.15518979951287915
1676	-0.1739174363516876
1677	0.3976954127130971
1678	0.23828094737339425
1679	0.6316609915452016
1680	3.822382608922876
1681	-1.3801397421510015
1682	-1.3801397421510015
1683	0.33273835987435096
1684	0.33273835987435096
1685	0.13516152176967844
1686	5.903381184290934
1687	-0.07680417145438033
1688	0.8279677556916029
1689	0.5614419949661517
1690	0.5419823064159506
1691	0.669977542322806
1692	4.40470407986581
1693	0.8587010837259732
1694	-3.9739296351523605
1695	-3.350213280149434
1696	-3.7506045285971705
1697	-0.5337924380066345
1698	-2.336151092483723
1699	1.9742168592753433
1700	-1.1991142170171871
1701	-0.13521728224023055
1702	-1.392161105480968
1703	0.5680952687263263
1704	-2.336151092483723
1705	0.1022969892222334
1706	1.9742168592753433
1707	0.18124063456326792
1708	0.6405455365366037
1709	0.2890822658030353
1710	0.8272208530440259
1711	0.6654307211684438
1712	-1.0044768454815274
1713	5.46091213353438
1714	1.2683995758199307
1715	0.2890822658030353
1716	0.578984164099571
1717	3.2001552857144313
1718	-0.2646136519659324
1719	0.1314703265117605
1720	-0.023801696856190206
1721	-1.5191502209805192
1722	0.578984164099571
1723	-0.014294988013632659
1724	-5.508426430233751
1725	0.578984164099571
1726	0.02841342790196313
1727	-1.5191502209805192
1728	0.5252720315072906
1729	-0.059269234347908685
1730	-0.05174973905931366
1731	-2.8690410789756653
1732	1.6393651980203772
1733	0.18518832291774848
1734	-0.010608752439684595
1735	6.446798485997118
1736	-2.6328467845164734
1737	0.18518832291774848
1738	0.012273748229554021
1739	-0.8070573536435981
1740	0.09514720128277421
1741	0.13258743786496058
1742	-1.6955539313922499
1743	0.9184990190211407
1744	1.507290509679653
1745	3.4162385085611273
1746	0.19200371829053584
1747	1.507290509679653
1748	-1.6955539313922499
1749	0.16051114873970487
1750	0.18737085479579024
1751	1.507290509679653
1752	0.1265190504359103
1753	0.06012521075958858
1754	1.6846866875191717
1755	3.448626833245722
1756	-4.764801744750346
1757	0.03761071441036326
1758	5.157941642173516
1759	0.5832585530009347
1760	0.4203411445836074
1761	1.6846866875191717
1762	-1.5862950902484965
1763	2.386532788874453
1764	-0.4844717227789155
1765	-0.6673750789395234
1766	-2.433202426998899
1767	0.7164199306557888
1768	-5.690819391208753
1769	0.38928026880009026
1770	0.7164199306557888
1771	-0.8908410323658943
1772	0.9164830198253997
1773	0.38928026880009026
1774	0.5405694198379996
1775	1.6955348050485504
1776	0.7958799614148904
1777	-0.009721477938278655
1778	-0.09430951028730564
1779	1.9675005465436248
1780	-0.8506455095361632
1781	1.2133558257670254
1782	1.2133558257670254
1783	0.12028401171729106
1784	-0.009721477938278655
1785	-0.8506455095361632
1786	0.1836637662438044
1787	4.09050608055108
1788	-0.21380822925293225
1789	-0.6538465138182783
1790	-0.46452731252081525
1791	-1.848579350306753
1792	2.708619930948836
1793	-0.1085386431396221
1794	-0.37446778323612134
1795	-0.09823851072961519
1796	0.845184173486362
1797	-0.09823851072961519
1798	-0.710598852207252
1799	-0.05372929294759789
1800	1.1005220573250547
1801	-0.8187713300218175
1802	-3.922979602197278
1803	2.9407619860560965
1804	0.845184173486362
1805	0.5559529063211888
1806	-0.058630457065845576
1807	-0.266180993197234
1808	3.061661265984336
1809	-1.428925097514329
1810	0.7483359964918158
1811	0.5613356517281264
1812	0.04771421746148278
1813	0.9658886394528774
1814	1.9101015972163478
1815	-0.4518681990677651
1816	-0.4518681990677651
1817	-5.348627482601958
1818	2.1917687770757324
1819	2.1917687770757324
1820	2.1917687770757324
1821	-0.4518681990677651
1822	0.264563450910398
1823	0.870080428980915
1824	-0.8485650833656911
1825	-1.7319344326408892
1826	-1.7319344326408892
1827	0.3732557169987326
1828	-0.21977048295935805
1829	0.870080428980915
1830	-0.8219571095638216
1831	-0.21977048295935805
1832	0.870080428980915
1833	-4.158907877067204
1834	-2.182847409443832
1835	0.07889828068083309
1836	-0.13489671043396215
1837	0.5204869678203345
1838	0.33238634537593864
1839	-4.6804657926551
1840	-1.0662811497590008
1841	-1.0662811497590008
1842	-1.0662811497590008
1843	-0.1580440509214209
1844	0.01751341112943375
1845	0.006103333118366057
1846	-3.6900214413923633
1847	-0.1844322147584531
1848	-0.824354537432492
1849	1.4907454974850822
1850	0.37688882865352985
1851	-3.7659648004036397
1852	-1.3010759025672274
1853	-0.6788438244290559
1854	-0.4882175091149643
1855	0.4400506993974409
1856	0.37185852877320524
1857	-1.2748229663360484
1858	0.050809869402590066
1859	-1.526042968795595
1860	-0.1278703142959422
1861	0.5135942511079657
1862	0.5135942511079657
1863	0.5135942511079657
1864	-0.0616182959355579
1865	1.303454454461925
1866	-0.5499690313689861
1867	-0.33501528699118804
1868	-5.405859903010105
1869	-2.3701188424042687
1870	1.0392234332567676
1871	-2.182290124970423
1872	1.1630122230729418
1873	1.1630122230729418
1874	0.01719104489503315
1875	0.01719104489503315
1876	0.01719104489503315
1877	-5.041037521131001
1878	0.038613661416585364
1879	0.01719104489503315
1880	0.5008627636682124
1881	1.6697447333637225
1882	-0.644114119939488
1883	1.6697447333637225
1884	-0.8318008832301885
1885	1.6697447333637225
1886	-0.04549950280661302
1887	-0.17252011551907698
1888	-0.2649201027941581
1889	-0.30056968553676067
1890	0.2908982725807197
1891	-0.30056968553676067
1892	1.0330234307682875
1893	0.48688689422557596
1894	0.07847255140513369
1895	-0.06460661063042643
1896	-0.06460661063042643
1897	0.3600687443513069
1898	0.9954755861436246
1899	-1.3145558870597722
1900	-5.672502066697962
1901	-0.3163517896194878
1902	-0.5407358361535868
1903	0.31834934896322237
1904	0.2838754501145095
1905	-1.6186673545299703
1906	-0.252933299804846
1907	-0.4597580922993761
1908	-0.4623090193754891
1909	1.1920756288367946
1910	0.491881609049029
1911	-0.18114013277364607
1912	-0.33639456661906764
1913	0.25556347703317384
1914	1.2192697959430803
1915	-1.1719188555068552
1916	-0.49207336017585357
1917	-4.734969648032771
1918	-0.5694108181065878
1919	-1.2554589815753507
1920	-1.8998537697398934
1921	-4.15800561650949
1922	-1.0149003448379976
1923	1.0349771558218388
1924	-1.3316430496533893
1925	-0.8005812414513975
1926	-3.30731223821624
1927	-0.03441486163166511
1928	-4.723208984125807
1929	-0.4059845467371668
1930	-0.23276248223727133
1931	0.5576742436996797
1932	0.6061224383277906
1933	2.0114893083635037
1934	0.5604622328442773
1935	2.0114893083635037
1936	-0.7852121475143304
1937	-0.4072979922591995
1938	2.0114893083635037
1939	-0.5306829161252334
1940	0.03438872847124969
1941	0.03438872847124969
1942	-1.5493039045003631
1943	0.03438872847124969
1944	-0.18066503860195873
1945	0.4212467790416039
1946	0.2779499589813979
1947	-0.17407556571184904
1948	-0.17407556571184904
1949	-0.5404292502086787
1950	-0.3384675310846341
1951	0.6239843144790603
1952	0.5213292089226327
1953	-0.3384675310846341
1954	-3.094281501365509
1955	-0.9569693510278736
1956	2.942491297977578
1957	7.33351969428703
1958	-0.477352132823907
1959	0.2577775947452247
1960	0.5678960558740604
1961	1.039092853905677
1962	-0.42532738958333083
1963	-0.31460366717728583
1964	0.0706133591337733
1965	0.10701176949616094
1966	-0.7289231046464979
1967	-0.7289231046464979
1968	0.6429315547175681
1969	0.037901965691577534
1970	-2.0437221114658275
1971	-0.6035652336429558
1972	-2.9205828298688656
1973	0.4850817109649036
1974	-0.8122589138438073
1975	-0.4220053007883158
1976	-0.29544008221609547
1977	-0.12737048012117994
1978	0.05428449475699793
1979	0.11735875527506509
1980	-0.12737048012117994
1981	-0.0780018095331596
1982	0.11735875527506509
1983	0.11735875527506509
1984	0.40091560571960405
1985	-0.7692239161414204
1986	-0.6871900405613125
1987	-0.6871900405613125
1988	-0.671901399363943
1989	-3.077284686500019
1990	-3.077284686500019
1991	-0.5348711370505812
1992	0.4145746236689714
1993	-0.7123009959111957
1994	0.03603311129624941
1995	0.8491126568832791
1996	1.1896714989033685
1997	0.12739888547660405
1998	0.12739888547660405
1999	-0.3846083557249379
2000	-0.3846083557249379
2001	0.19628134757417887
2002	1.1848806907754224
2003	-6.084891195576762
2004	1.1915984889608044
2005	0.4644052387613636
2006	1.1848806907754224
2007	-4.239662666945226
2008	2.4657186174056265
2009	-0.2130532256990307
2010	0.4716866789401592
2011	-0.1323068259829662
2012	-0.07719004540259639
2013	-0.5362737099997741
2014	-0.6119258518998117
2015	-1.706935446107654
2016	-3.1708205554188784
2017	-0.4500493449778774
2018	0.4438745112859482
2019	0.2711755872446604
2020	-3.7241272128092353
2021	0.3220103292706941
2022	-0.37636109224987796
2023	-1.0809295051080348
2024	-2.3318223245055587
2025	0.03562135919295549
2026	-0.34646247424846593
2027	-0.3601210917861248
2028	0.5129963503811921
2029	-1.0656321834170586
2030	0.28417025370710597
2031	-0.660770439211411
2032	-0.7347531880743209
2033	-0.48434970036815994
2034	0.20034001940802734
2035	0.28366101256712367
2036	0.28366101256712367
2037	-1.020783942591968
2038	-0.08686813918662457
2039	0.8780028991878285
2040	-1.1939150979401805
2041	0.8347069521076282
2042	0.349668690788008
2043	0.349668690788008
2044	1.1672651644337746
2045	1.6554701088371717
2046	-0.2595867675871389
2047	-0.06668457973115635
2048	-0.2595867675871389
2049	-0.2595867675871389
2050	-0.2595867675871389
2051	-0.5757324330686112
2052	-1.2375507000208057
2053	-0.46788705925338114
2054	0.26904325590660405
2055	3.4473655943930943
2056	0.2728021820117917
2057	-1.7805106873925738
2058	-1.7268444691406064
2059	0.8805562720934537
2060	0.524081483348242
2061	0.24036018686038751
2062	0.7936011076281966
2063	0.6677364222847971
2064	0.837335068795564
2065	-0.5515277375485644
2066	2.211883172738623
2067	0.6899004974581262
2068	-1.6875296189092748
2069	-0.021710404437207828
2070	-1.6875296189092748
2071	-0.1809468917687501
2072	0.6899004974581262
2073	-0.027909223518296198
2074	0.5188219350644068
2075	-0.9668879401437698
2076	-2.4146198911883436
2077	-0.0700532247810106
2078	-0.79728917778301
2079	-0.46670189957608377
2080	5.714952356345055
2081	0.48520374872985506
2082	0.4612436497956167
2083	-1.5326157010791503
2084	-1.5326157010791503
2085	0.4612436497956167
2086	0.5270517012664471
2087	-2.487184281910905
2088	-0.4038561616671864
2089	1.3561075410487737
2090	-0.593216027968777
2091	-0.2790554252901915
2092	-0.12572325245818183
2093	-0.12572325245818183
2094	0.09456538578951461
2095	0.6410491714368013
2096	0.9798899279355995
2097	0.03365607210242312
2098	-0.5718843915469966
2099	0.228332051527537
2100	-0.5675251878478069
2101	0.25746839682340655
2102	-2.497930198883405
2103	-0.44049854076796574
2104	-0.44049854076796574
2105	-1.9648497235415876
2106	-0.09943451431474878
2107	0.11884432543307125
2108	-3.055219651314653
2109	-0.0910125510035468
2110	-0.4042999362557531
2111	-1.1758913624323646
2112	-1.2157300271192182
2113	-1.3782885763998762
2114	3.6640094600552686
2115	1.109841652909043
2116	1.109841652909043
2117	1.1934758501348883
2118	1.1934758501348883
2119	0.12589361343929598
2120	-0.6933877316591998
2121	1.2256097442548988
2122	-1.0048908462307096
2123	-1.0048908462307096
2124	-4.206209241687986
2125	-0.6978141157569774
2126	0.2571752843552055
2127	-0.07858916871043514
2128	-0.8576807442714635
2129	0.23081120932196034
2130	0.22437427442057298
2131	0.663205397460905
2132	0.2109319191976795
2133	-0.9731448553870816
2134	-0.9480525556178014
2135	-1.2392258277576065
2136	-1.426181801041483
2137	-0.14488171537351507
2138	-0.0898831695759479
2139	-0.2174679647901943
2140	0.04624535653813482
2141	-0.8003330760512656
2142	-0.14267776834194099
2143	-0.06111784065172011
2144	0.5907946391611695
2145	-0.3614416434697417
2146	0.29764931698845126
2147	-0.45211378328116525
2148	-0.02172332182371955
2149	0.6336677405493583
2150	-2.4104134927710925
2151	0.24748526165851353
2152	0.304319617495198
2153	0.11765182262508092
2154	0.8631576246388737
2155	-0.7503833736352966
2156	0.9292708994167307
2157	0.17462544682974948
2158	0.2613347737465212
2159	0.3921714402345531
2160	0.6597523583645123
2161	0.03869565794665496
2162	-0.860830047030111
2163	0.24015833582104001
2164	0.7728473399489351
2165	0.08197954908060312
2166	1.2995974818660383
2167	1.2995974818660383
2168	-2.354096018942584
2169	0.3953698808023804
2170	0.441022856548013
2171	0.3373081884814751
2172	0.05487863139969041
2173	0.28746317571968194
2174	0.18679883014568668
2175	0.005589008117996835
2176	0.1528346056914908
2177	-0.6917620936742065
2178	0.3783192746842312
2179	0.3070062223854396
2180	0.3981567616231893
2181	0.3981567616231893
2182	0.6586604501023345
2183	0.3956672222164347
2184	-1.8997109151007319
2185	0.3956672222164347
2186	-0.42868684785440314
2187	0.028348239645680232
2188	0.028348239645680232
2189	-0.7294546785514414
2190	1.5014171058481764
2191	1.5014171058481764
2192	1.5014171058481764
2193	-1.405885972089738
2194	-0.17275322459155676
2195	-0.176149208203762
2196	-0.4935751895362858
2197	-1.7361483045056039
2198	0.2628707341296474
2199	-0.3832975036797167
2200	0.3761182326131198
2201	-2.791287792740033
2202	0.1872209236445944
2203	-0.02722989916022276
2204	0.8464285264478348
2205	-0.46499022498319886
2206	0.906914592586194
2207	-1.0350817109777353
2208	-0.4602919216827343
2209	-0.33344512984464
2210	0.49793657291646
2211	-0.3971619188640888
2212	0.09374138595402069
2213	-0.11867805335626543
2214	0.3554854894051749
2215	2.69310575738125
2216	-0.24994330622900923
2217	0.5691758835440333
2218	0.45685611876326526
2219	0.11857073262234848
2220	-3.0650022028156663
2221	0.4000440717145603
2222	0.4730357324109547
2223	-0.7150473801981604
2224	0.45978264663091695
2225	0.45978264663091695
2226	-0.7066843301409544
2227	-0.7066843301409544
2228	-0.7066843301409544
2229	-1.1417413698772139
2230	-0.09984191057868451
2231	0.7430336941909991
2232	1.4492460329645271
2233	0.40400996117037935
2234	1.0134967399163861
2235	0.7227865350049077
2236	0.8046764099382421
2237	0.8046764099382421
2238	-1.033094310357145
2239	0.13305959844034942
2240	-1.033094310357145
2241	0.20092962298620898
2242	1.0110340437538439
2243	-0.8907831342783301
2244	-0.7688001684164805
2245	0.13148077071681746
2246	1.0528079547230842
2247	0.41442067701426527
2248	-0.8222123077472843
2249	0.860337849456648
2250	0.6074922230095412
2251	0.01833665780431221
2252	-0.48827508378170037
2253	-1.0691994695620206
2254	-0.14954535215300366
2255	0.2638264574668993
2256	-0.4187020245491031
2257	0.01555083310644902
2258	0.7750016445515037
2259	-0.06936948125616836
2260	0.8602076868478924
2261	-0.0815408570087455
2262	-0.0815408570087455
2263	-0.9425020094002735
2264	0.8042938414214393
2265	0.0934339621224056
2266	0.13665065370349114
2267	0.071881561294071
2268	-0.06576953855652387
2269	-0.06576953855652387
2270	-0.23117917664222712
2271	-0.5069148341241032
2272	0.7515752009749898
2273	0.4733707510029578
2274	-1.3779177182186597
2275	-0.5414579457997889
2276	-0.6315104825399496
2277	1.1194883038880712
2278	0.5923791033830575
2279	0.32743405315232377
2280	-0.5123229044143732
2281	-0.20220114537959763
2282	0.01843896408161123
2283	0.2091548254511275
2284	-0.1458443314761429
2285	0.14668666389182397
2286	-0.06403844205787758
2287	-0.0907979338317401
2288	0.22216885769197056
